,Kredete,Besidebanq
Positioning,AI-autonomous global money app,Diaspora financial super-app
AI,Background agent for send/spend/save/credit,"Euda — empathetic, conversational financial companion"
Transfers,"60+ markets, corridor rates","BanqDrop P2P via @tag, OCR scan-to-transfer"
Savings,Up to 5% APY USD,Up to 5.2% APY USD
Card,"6% cashback, 170+ countries","Mentioned in UI, not detailed"
Investing,"Stocks, ETFs, prediction markets",Not offered
Credit,"Reports to bureaus, builds score",Not mentioned
Extras,Multi-city local accounts (GBP/USD/EUR/AED),"eSIM data, digital gift cards"
Social Proof,"5M+ users, detailed testimonials",Early-stage (@tag claims)
Design,"Cinematic, editorial, immersive","Clean SaaS layout, mobile-mockup heavy"